mes,tempoEscutado(h)
3,19.495100000000015
4,107.66639999999981
5,97.67080000000003
6,87.64699999999996
7,56.820700000000016
